<ImportExportXml xmlns:xsi="http://www.w3.org/2001/XMLSchema-instance">
  <Entities></Entities>
  <Roles></Roles>
  <Workflows></Workflows>
  <FieldSecurityProfiles></FieldSecurityProfiles>
  <Templates />
  <EntityMaps />
  <EntityRelationships />
  <OrganizationSettings />
  <optionsets />
  <CustomControls />
  <EntityDataProviders />
  <CanvasApps>
    <CanvasApp>
      <Name>mpl_userscontrolapp_5d079</Name>
      <AppVersion>2023-06-11T17:20:24Z</AppVersion>
      <Status>Ready</Status>
      <CreatedByClientVersion>3.23055.18.0</CreatedByClientVersion>
      <MinClientVersion>3.23055.18.0</MinClientVersion>
      <Tags>{"primaryDeviceWidth":"1366","primaryDeviceHeight":"768","sienaVersion":"20230611T172024Z-3.23055.18.0","deviceCapabilities":"","supportsPortrait":"false","supportsLandscape":"true","primaryFormFactor":"Tablet","publisherVersion":"3.23055.18","minimumRequiredApiVersion":"2.2.0","hasComponent":"true","hasUnlockedComponent":"true","isUnifiedRootApp":"false"}</Tags>
      <IsCdsUpgraded>0</IsCdsUpgraded>
      <GalleryItemId xsi:nil="true"></GalleryItemId>
      <BackgroundColor>rgba(1, 94, 169, 1)</BackgroundColor>
      <DisplayName>Users_Control_App</DisplayName>
      <Description>An app to submit requests for new teams.</Description>
      <CommitMessage xsi:nil="true"></CommitMessage>
      <Publisher xsi:nil="true"></Publisher>
      <AuthorizationReferences>[]</AuthorizationReferences>
      <ConnectionReferences>{"5bd93f18-bfe6-4d82-b368-49b17e27031f":{"id":"/providers/microsoft.powerapps/apis/shared_teams","displayName":"Microsoft Teams","iconUri":"https://connectoricons-prod.azureedge.net/releases/v1.0.1639/1.0.1639.3319/teams/icon.png","dataSources":["MicrosoftTeams"],"dependencies":[],"dependents":[],"parameterHints":{},"parameterHintsV2":{},"isOnPremiseConnection":false,"bypassConsent":false,"dataSets":{},"apiTier":"Standard","actions":["GetAllTeams"]},"7ce4d214-7460-4aa9-921b-0a7f8f0051cb":{"id":"/providers/microsoft.powerapps/apis/shared_office365","displayName":"Office 365 Outlook","iconUri":"https://connectoricons-prod.azureedge.net/u/shgogna/globalperconnector-train1/1.0.1639.3312/office365/icon.png","dataSources":["Office365Outlook"],"dependencies":[],"dependents":[],"parameterHints":{},"parameterHintsV2":{},"isOnPremiseConnection":false,"bypassConsent":false,"dataSets":{},"apiTier":"Standard"},"38e9d61c-be47-4730-962d-7cbc271b3379":{"id":"/providers/microsoft.powerapps/apis/shared_office365users","displayName":"Usuarios de Office 365","iconUri":"https://connectoricons-prod.azureedge.net/u/shgogna/globalperconnector-train1/1.0.1639.3312/office365users/icon.png","dataSources":["Office365Users"],"dependencies":[],"dependents":["610f5585-f3d8-4d4c-8996-55daddbdb302"],"parameterHints":{},"parameterHintsV2":{},"isOnPremiseConnection":false,"bypassConsent":false,"dataSets":{},"apiTier":"Standard","actions":["SearchUser"]},"568e2864-437f-416f-92e4-23eb88301edd":{"id":"/providers/microsoft.powerapps/apis/shared_sharepointonline","displayName":"SharePoint","iconUri":"https://connectoricons-prod.azureedge.net/u/shgogna/globalperconnector-train1/1.0.1639.3312/sharepointonline/icon.png","dataSources":["OrgTeamsRequests"],"dependencies":[],"dependents":[],"parameterHints":{},"parameterHintsV2":{},"isOnPremiseConnection":false,"bypassConsent":false,"dataSets":{"https://t8656.sharepoint.com/sites/Office365_Governance/":{"dataSources":{"OrgTeamsRequests":{"tableName":"bea85382-3701-4458-bdec-6378abfa5260"}}}},"apiTier":"Standard","actions":["providers/PowerPlatform.Governance/Operations/Read","providers/PowerPlatform.Governance/Operations/Write"]},"bcfe7166-ccbd-4f0c-ad64-ae2429478b99":{"id":"/providers/microsoft.powerapps/apis/shared_office365groups","displayName":"Grupos de Office 365","iconUri":"https://connectoricons-prod.azureedge.net/u/shgogna/globalperconnector-train1/1.0.1639.3312/office365groups/icon.png","dataSources":["GruposdeOffice365"],"dependencies":[],"dependents":[],"parameterHints":{},"parameterHintsV2":{},"isOnPremiseConnection":false,"bypassConsent":false,"dataSets":{},"apiTier":"Standard","actions":["ListGroups","ListGroupMembers","RemoveMemberFromGroup","AddMemberToGroup"]},"2c4b2325-e9ad-4962-b3bc-09b070263ad2":{"id":"/providers/microsoft.powerapps/apis/shared_azuread","displayName":"Azure AD","iconUri":"https://connectoricons-prod.azureedge.net/releases/v1.0.1626/1.0.1626.3238/azuread/icon.png","dataSources":["AzureAD"],"dependencies":[],"dependents":["610f5585-f3d8-4d4c-8996-55daddbdb302","c4e085d0-c271-4bed-8226-e14c751089bf","c3ce4d16-1de9-4e15-9aa4-e5f8b60061a8"],"parameterHints":{},"parameterHintsV2":{},"isOnPremiseConnection":false,"bypassConsent":false,"dataSets":{},"apiTier":"Standard"},"610f5585-f3d8-4d4c-8996-55daddbdb302":{"id":"/providers/microsoft.powerapps/apis/shared_logicflows","displayName":"Flujos lógicos","iconUri":"https://connectoricons-prod.azureedge.net/releases/v1.0.1636/1.0.1636.3297/logicflows/icon.png","dataSources":["Office365_Governance_UpdateUser"],"dependencies":["2c4b2325-e9ad-4962-b3bc-09b070263ad2","38e9d61c-be47-4730-962d-7cbc271b3379"],"dependents":[],"parameterHints":{"workflowName":{"value":"57e80dce-6595-449a-b830-bacc642531ca"},"workflowEntityId":{},"2c4b2325-e9ad-4962-b3bc-09b070263ad2":{"value":"shared_azuread"},"38e9d61c-be47-4730-962d-7cbc271b3379":{"value":"shared_office365users"}},"parameterHintsV2":{"workflowName":{"value":"57e80dce-6595-449a-b830-bacc642531ca"},"workflowEntityId":{},"shared_azuread":{"value":"2c4b2325-e9ad-4962-b3bc-09b070263ad2"},"shared_office365users":{"value":"38e9d61c-be47-4730-962d-7cbc271b3379"}},"isOnPremiseConnection":false,"bypassConsent":false,"dataSets":{},"apiTier":"Standard","actions":["Run"]},"50ce6a3e-1385-47d0-9d57-918c4941a0b6":{"id":"/providers/microsoft.powerapps/apis/shared_logicflows","displayName":"Flujos lógicos","iconUri":"https://connectoricons-prod.azureedge.net/releases/v1.0.1636/1.0.1636.3297/logicflows/icon.png","dataSources":["Office365_Governance_DeleteUser"],"dependencies":["ca8f4daf-2e50-4f90-b950-1e2aca84c7f1"],"dependents":[],"parameterHints":{"workflowName":{"value":"e7c35587-6f89-4445-9e61-ea4204611fe2"},"workflowEntityId":{},"ca8f4daf-2e50-4f90-b950-1e2aca84c7f1":{"value":"shared_webcontents"}},"parameterHintsV2":{"workflowName":{"value":"e7c35587-6f89-4445-9e61-ea4204611fe2"},"workflowEntityId":{},"shared_webcontents":{"value":"ca8f4daf-2e50-4f90-b950-1e2aca84c7f1"}},"isOnPremiseConnection":false,"bypassConsent":false,"dataSets":{},"apiTier":"Standard"},"ca8f4daf-2e50-4f90-b950-1e2aca84c7f1":{"id":"/providers/microsoft.powerapps/apis/shared_webcontents","displayName":"HTTP con Azure AD","iconUri":"https://connectoricons-prod.azureedge.net/u/shgogna/globalperconnector-train1/1.0.1639.3312/webcontents/icon.png","dataSources":[],"dependencies":[],"dependents":["50ce6a3e-1385-47d0-9d57-918c4941a0b6"],"parameterHints":{},"parameterHintsV2":{},"isOnPremiseConnection":false,"bypassConsent":false,"dataSets":{},"apiTier":"Premium","endpoints":["https://graph.microsoft.com"]},"c4e085d0-c271-4bed-8226-e14c751089bf":{"id":"/providers/microsoft.powerapps/apis/shared_logicflows","displayName":"Flujos lógicos","iconUri":"https://connectoricons-prod.azureedge.net/releases/v1.0.1636/1.0.1636.3297/logicflows/icon.png","dataSources":["Office365_Governance_CreateUser"],"dependencies":["2c4b2325-e9ad-4962-b3bc-09b070263ad2"],"dependents":[],"parameterHints":{"workflowName":{"value":"786c1047-98ab-4905-9fca-0a0c65dc9d91"},"workflowEntityId":{},"2c4b2325-e9ad-4962-b3bc-09b070263ad2":{"value":"shared_azuread"}},"parameterHintsV2":{"workflowName":{"value":"786c1047-98ab-4905-9fca-0a0c65dc9d91"},"workflowEntityId":{},"shared_azuread":{"value":"2c4b2325-e9ad-4962-b3bc-09b070263ad2"}},"isOnPremiseConnection":false,"bypassConsent":false,"dataSets":{},"apiTier":"Standard","actions":["Run"]},"c3ce4d16-1de9-4e15-9aa4-e5f8b60061a8":{"id":"/providers/microsoft.powerapps/apis/shared_logicflows","displayName":"Flujos lógicos","iconUri":"https://connectoricons-prod.azureedge.net/releases/v1.0.1636/1.0.1636.3297/logicflows/icon.png","dataSources":["Office365_Governance_CreateGroup"],"dependencies":["2c4b2325-e9ad-4962-b3bc-09b070263ad2"],"dependents":[],"parameterHints":{"workflowName":{"value":"f53283db-dfbb-4c06-bbef-3c4aec0693a7"},"workflowEntityId":{},"2c4b2325-e9ad-4962-b3bc-09b070263ad2":{"value":"shared_azuread"}},"parameterHintsV2":{"workflowName":{"value":"f53283db-dfbb-4c06-bbef-3c4aec0693a7"},"workflowEntityId":{},"shared_azuread":{"value":"2c4b2325-e9ad-4962-b3bc-09b070263ad2"}},"isOnPremiseConnection":false,"bypassConsent":false,"dataSets":{},"apiTier":"Standard","actions":["Run"]}}</ConnectionReferences>
      <DatabaseReferences>{}</DatabaseReferences>
      <AppComponents>[]</AppComponents>
      <AppComponentDependencies>[]</AppComponentDependencies>
      <CanConsumeAppPass>1</CanConsumeAppPass>
      <CanvasAppType>0</CanvasAppType>
      <BypassConsent>0</BypassConsent>
      <AdminControlBypassConsent>0</AdminControlBypassConsent>
      <EmbeddedApp xsi:nil="true"></EmbeddedApp>
      <IntroducedVersion>1.0</IntroducedVersion>
      <CdsDependencies>{"cdsdependencies":[]}</CdsDependencies>
      <IsCustomizable>1</IsCustomizable>
      <BackgroundImageUri>/CanvasApps/mpl_userscontrolapp_5d079_BackgroundImageUri</BackgroundImageUri>
      <DocumentUri>/CanvasApps/mpl_userscontrolapp_5d079_DocumentUri.msapp</DocumentUri>
    </CanvasApp>
  </CanvasApps>
  <Languages>
    <Language>3082</Language>
  </Languages>
</ImportExportXml>