{"name":"0b7d2529-8069-45f8-9edd-7a2a856abcbe","id":"/providers/Microsoft.Flow/flows/0b7d2529-8069-45f8-9edd-7a2a856abcbe","type":"Microsoft.Flow/flows","properties":{"apiId":"/providers/Microsoft.PowerApps/apis/shared_logicflows","displayName":"Office365_Governance_CreateGroup","definition":{"metadata":{"workflowEntityId":null,"processAdvisorMetadata":null,"flowclientsuspensionreason":"None","flowclientsuspensiontime":null,"flowclientsuspensionreasondetails":null,"creator":{"id":"d0461964-21df-40c3-9f36-899bff1d35e4","type":"User","tenantId":"e9112c5c-e4bb-4ab9-8b4c-3692f43531a7"},"provisioningMethod":"FromDefinition","failureAlertSubscription":true,"clientLastModifiedTime":"2022-08-29T19:50:13.9188673Z"},"$schema":"https://schema.management.azure.com/providers/Microsoft.Logic/schemas/2016-06-01/workflowdefinition.json#","contentVersion":"1.0.0.0","parameters":{"$connections":{"defaultValue":{},"type":"Object"},"$authentication":{"defaultValue":{},"type":"SecureObject"}},"triggers":{"manual":{"metadata":{"operationMetadataId":"4442d98a-7657-4cd8-9b2a-a7cce82f15dc"},"type":"Request","kind":"PowerApp","inputs":{"schema":{"type":"object","properties":{"Initializevariable_Value":{"type":"string","description":"Enter initial value","x-ms-powerflows-param-ispartial":false},"SetClassification_Value":{"type":"string","description":"Enter initial value","x-ms-powerflows-param-ispartial":false}},"required":["Initializevariable_Value","SetClassification_Value"]}}}},"actions":{"Set_DisplayName":{"runAfter":{},"metadata":{"operationMetadataId":"18f8a606-9a14-4b9b-aa74-96de5685a27c"},"type":"InitializeVariable","inputs":{"variables":[{"name":"DisplayName","type":"string","value":"@{triggerBody()['Initializevariable_Value']}"}]}},"Set_Classification":{"runAfter":{"Set_DisplayName":["Succeeded"]},"metadata":{"operationMetadataId":"aea7779a-bfc0-4f45-a5eb-46935c604cf0"},"type":"InitializeVariable","inputs":{"variables":[{"name":"Classification","type":"string","value":"@{triggerBody()['SetClassification_Value']}"}]}},"Create_group":{"runAfter":{"Set_Classification":["Succeeded"]},"metadata":{"operationMetadataId":"7b95fded-87c4-480d-8633-57785d2bbe5c"},"type":"OpenApiConnection","inputs":{"host":{"apiId":"/providers/Microsoft.PowerApps/apis/shared_azuread","connectionName":"shared_azuread","operationId":"CreateGroup"},"parameters":{"body/displayName":"@variables('DisplayName')","body/description":"@variables('Classification')","body/mailNickname":"@variables('DisplayName')","body/groupTypes":["None"],"body/securityEnabled":true,"body/mailEnabled":true},"authentication":{"value":"@json(decodeBase64(triggerOutputs().headers['X-MS-APIM-Tokens']))['$ConnectionKey']","type":"Raw"}}}},"outputs":{}},"connectionReferences":{"shared_azuread":{"connectionName":"shared-azuread-82600a60-3350-46e1-8f3f-decc34200705","source":"Invoker","id":"/providers/Microsoft.PowerApps/apis/shared_azuread","tier":"NotSpecified"}},"flowFailureAlertSubscribed":false,"isManaged":false}}