{"name":"be166545-831e-9fbe-3d4a-c775ecb87051","id":"/providers/Microsoft.Flow/flows/be166545-831e-9fbe-3d4a-c775ecb87051","type":"Microsoft.Flow/flows","properties":{"apiId":"/providers/Microsoft.PowerApps/apis/shared_logicflows","displayName":"Office365_UnusedSites","definition":{"metadata":{"workflowEntityId":"ba57fff0-c012-ee11-8f6e-000d3a292a69","processAdvisorMetadata":null,"flowChargedByPaygo":null,"flowclientsuspensionreason":"None","flowclientsuspensiontime":null,"flowclientsuspensionreasondetails":null,"creator":{"id":"d0461964-21df-40c3-9f36-899bff1d35e4","type":"User","tenantId":"e9112c5c-e4bb-4ab9-8b4c-3692f43531a7"},"provisioningMethod":"FromDefinition","failureAlertSubscription":true,"clientLastModifiedTime":"2023-06-24T19:42:49.6921458Z"},"$schema":"https://schema.management.azure.com/providers/Microsoft.Logic/schemas/2016-06-01/workflowdefinition.json#","contentVersion":"1.0.0.0","parameters":{"$connections":{"defaultValue":{},"type":"Object"},"$authentication":{"defaultValue":{},"type":"SecureObject"}},"triggers":{"manual":{"metadata":{"operationMetadataId":"40cecca9-d34f-4c07-a1f8-0d0ee6a557f7"},"type":"Request","kind":"PowerApp","inputs":{"schema":{"type":"object","properties":{},"required":[]}}}},"actions":{"Set_App_Id":{"runAfter":{"Convert_time_zone":["Succeeded"]},"metadata":{"operationMetadataId":"fcfcdcda-eebc-4e48-bce2-efed2599ee14"},"type":"InitializeVariable","inputs":{"variables":[{"name":"AppId","type":"string","value":"92ee2d9c-3f39-4c07-90d3-8d96445ad818"}]}},"Set_Tenant_Id":{"runAfter":{"Set_App_Id":["Succeeded"]},"metadata":{"operationMetadataId":"22c74adf-5cc9-45d4-bd6d-bf98d6c15e05"},"type":"InitializeVariable","inputs":{"variables":[{"name":"TenantId","type":"string","value":"e9112c5c-e4bb-4ab9-8b4c-3692f43531a7"}]}},"Set_Secret_Value":{"runAfter":{"Set_Tenant_Id":["Succeeded"]},"metadata":{"operationMetadataId":"73c88685-f221-43ca-b9ab-282736274c35"},"type":"InitializeVariable","inputs":{"variables":[{"name":"SecretValue","type":"string","value":"lSR8Q~VNcLfYE~wisVGPhU0m~UebCFcDt5UHSdtz"}]}},"Current_time":{"runAfter":{},"metadata":{"operationMetadataId":"ebf97a8a-02bd-44ec-8568-fe374dd1f091"},"type":"Expression","kind":"CurrentTime","inputs":{}},"Convert_time_zone":{"runAfter":{"Current_time":["Succeeded"]},"metadata":{"operationMetadataId":"2dcf93c1-63d4-442d-b9e4-1a95d0549dfd"},"type":"Expression","kind":"ConvertTimeZone","inputs":{"baseTime":"@body('Current_time')","formatString":"d","sourceTimeZone":"UTC","destinationTimeZone":"Romance Standard Time"}},"Set_ODataNextLink":{"runAfter":{"Set_ListClean":["Succeeded"]},"metadata":{"operationMetadataId":"c6f26e4c-1dec-402d-b14d-a40cb34c6d0d"},"type":"InitializeVariable","inputs":{"variables":[{"name":"ODataNextLink","type":"string","value":"https://graph.microsoft.com/v1.0/sites?$top=999"}]}},"Fill_in_List_Recursivelly":{"actions":{"HTTP_list_sites_graph_query":{"runAfter":{},"metadata":{"operationMetadataId":"7b29130f-0889-42f7-8cb2-0a23fc0496cf"},"type":"Http","inputs":{"method":"GET","uri":"@variables('ODataNextLink')","headers":{"content-type":"application/json"},"authentication":{"type":"ActiveDirectoryOAuth","tenant":"@variables('TenantId')","audience":"https://graph.microsoft.com","clientId":"@variables('AppId')","secret":"@variables('SecretValue')"}}},"Parse_JSON_to_add_in_to_a_Sharepoint_List":{"runAfter":{"HTTP_list_sites_graph_query":["Succeeded"]},"metadata":{"operationMetadataId":"945c92f6-3736-4fd6-8a15-92cb1caebd28"},"type":"ParseJson","inputs":{"content":"@body('HTTP_list_sites_graph_query')","schema":{"type":"object","properties":{"@@odata.context":{"type":"string"},"value":{"type":"array","items":{"type":"object","properties":{"createdDateTime":{"type":"string"},"id":{"type":"string"},"name":{"type":"string"},"webUrl":{"type":"string"},"displayName":{"type":"string"},"siteCollection":{"type":"object","properties":{"hostname":{"type":"string"}}},"root":{"type":"object","properties":{}}},"required":["createdDateTime","id","webUrl","siteCollection","root"]}}}}}},"Reset_odata.nextLink":{"runAfter":{"Apply_to_each":["Succeeded"]},"metadata":{"operationMetadataId":"9cbb5bff-3536-4c4e-a0bb-30a022959946"},"type":"SetVariable","inputs":{"name":"ODataNextLink","value":"@body('Parse_JSON_to_add_in_to_a_Sharepoint_List')?['@odata.nextlink']"}},"Apply_to_each":{"foreach":"@body('Parse_JSON_to_add_in_to_a_Sharepoint_List')?['value']","actions":{"HTTP_get_site_properties_graph_query":{"runAfter":{},"metadata":{"operationMetadataId":"7b29130f-0889-42f7-8cb2-0a23fc0496cf"},"type":"Http","inputs":{"method":"GET","uri":"https://graph.microsoft.com/v1.0/sites/@{items('Apply_to_each')?['id']}","headers":{"content-type":"application/json"},"authentication":{"type":"ActiveDirectoryOAuth","tenant":"@variables('TenantId')","audience":"https://graph.microsoft.com","clientId":"@variables('AppId')","secret":"@variables('SecretValue')"}}},"Parse_JSON":{"runAfter":{"HTTP_get_site_properties_graph_query":["Succeeded"]},"metadata":{"operationMetadataId":"d83aa8d4-8c30-4492-b159-f23108cf8a37"},"type":"ParseJson","inputs":{"content":"@body('HTTP_get_site_properties_graph_query')","schema":{"type":"object","properties":{"@@odata.context":{"type":"string"},"createdDateTime":{"type":"string"},"description":{"type":"string"},"id":{"type":"string"},"lastModifiedDateTime":{"type":"string"},"name":{"type":"string"},"webUrl":{"type":"string"},"displayName":{"type":"string"},"root":{"type":"object","properties":{}},"siteCollection":{"type":"object","properties":{"hostname":{"type":"string"}}}}}}},"LastModifiedDateTime":{"runAfter":{"Parse_JSON":["Succeeded"]},"metadata":{"operationMetadataId":"e74be1b7-a93e-4217-bfa7-4031a448aa88"},"type":"Expression","kind":"ConvertTimeZone","inputs":{"baseTime":"@body('Parse_JSON')?['lastModifiedDateTime']","formatString":"d","sourceTimeZone":"UTC","destinationTimeZone":"Romance Standard Time"}},"Condition":{"actions":{"Create_item":{"runAfter":{},"metadata":{"operationMetadataId":"cea9d58a-052e-4970-aec9-5478c38401b9"},"type":"OpenApiConnection","inputs":{"host":{"apiId":"/providers/Microsoft.PowerApps/apis/shared_sharepointonline","connectionName":"shared_sharepointonline","operationId":"PostItem"},"parameters":{"dataset":"https://t8656.sharepoint.com/sites/graph_provisioning","table":"7c8136af-0e56-47c3-8a8b-1e53983dfb5f","item/Title":"@body('Parse_JSON')?['id']","item/webUrl":"@body('Parse_JSON')?['displayName']","item/webUrl0":"@body('Parse_JSON')?['webUrl']","item/lastModifiedDateTime":"@body('Parse_JSON')?['lastModifiedDateTime']"},"authentication":{"value":"@json(decodeBase64(triggerOutputs().headers['X-MS-APIM-Tokens']))['$ConnectionKey']","type":"Raw"}}}},"runAfter":{"LastModifiedDateTime":["Succeeded"]},"expression":{"greater":["@body('LastModifiedDateTime')","@addDays(utcNow(),-90)"]},"metadata":{"operationMetadataId":"29815fc6-5ef4-44d1-93eb-b860732612a3"},"type":"If"}},"runAfter":{"Parse_JSON_to_add_in_to_a_Sharepoint_List":["Succeeded"]},"metadata":{"operationMetadataId":"d14d9b39-e2b1-4254-8f7f-eb1a08d7e59b"},"type":"Foreach"}},"runAfter":{"Set_ODataNextLink":["Succeeded"]},"expression":"@not(contains(variables('ODataNextLink'), 'https://graph.microsoft.com/v1.0/groups?$sites=999'))","limit":{"count":60,"timeout":"PT1H"},"metadata":{"operationMetadataId":"74e04bc3-df14-45bd-ac09-abe57f5afff8"},"type":"Until"},"Set_ListClean":{"runAfter":{"Set_Secret_Value":["Succeeded"]},"metadata":{"operationMetadataId":"7e01a156-2afc-4789-97d3-d5cc11e17ec8"},"type":"InitializeVariable","inputs":{"variables":[{"name":"ListClean","type":"string","value":"ListNotClear"}]}}},"outputs":{}},"connectionReferences":{"shared_sharepointonline":{"connectionName":"9d07a5a7cf884534ae2a0be43e7d6e4f","source":"Invoker","id":"/providers/Microsoft.PowerApps/apis/shared_sharepointonline","tier":"NotSpecified"}},"flowFailureAlertSubscribed":false,"isManaged":false}}