{"name":"f4b93f72-6ce9-49fd-9056-c9f6928afbc2","id":"/providers/Microsoft.Flow/flows/f4b93f72-6ce9-49fd-9056-c9f6928afbc2","type":"Microsoft.Flow/flows","properties":{"apiId":"/providers/Microsoft.PowerApps/apis/shared_logicflows","displayName":"Office365_Governance_CreateUser","definition":{"metadata":{"workflowEntityId":null,"processAdvisorMetadata":null,"flowChargedByPaygo":null,"flowclientsuspensionreason":"None","flowclientsuspensiontime":null,"flowclientsuspensionreasondetails":null,"creator":{"id":"d0461964-21df-40c3-9f36-899bff1d35e4","type":"User","tenantId":"e9112c5c-e4bb-4ab9-8b4c-3692f43531a7"},"provisioningMethod":"FromDefinition","failureAlertSubscription":true,"clientLastModifiedTime":"2023-06-11T15:52:52.3636042Z"},"$schema":"https://schema.management.azure.com/providers/Microsoft.Logic/schemas/2016-06-01/workflowdefinition.json#","contentVersion":"1.0.0.0","parameters":{"$connections":{"defaultValue":{},"type":"Object"},"$authentication":{"defaultValue":{},"type":"SecureObject"}},"triggers":{"manual":{"metadata":{"operationMetadataId":"377a87b3-15ba-40df-bfc3-f40996b933c8"},"type":"Request","kind":"PowerApp","inputs":{"schema":{"type":"object","properties":{"SetDisplayName_Value":{"type":"string","description":"Enter initial value","x-ms-powerflows-param-ispartial":false},"SetCompanyName_Value":{"type":"any"},"SetTelephone_Value":{"type":"string","description":"Enter initial value","x-ms-powerflows-param-ispartial":false},"SetMail_Value":{"type":"string","description":"Enter initial value","x-ms-powerflows-param-ispartial":false}},"required":["SetDisplayName_Value","SetCompanyName_Value","SetTelephone_Value","SetMail_Value"]}}}},"actions":{"Set_DisplayName":{"runAfter":{},"metadata":{"operationMetadataId":"18f8a606-9a14-4b9b-aa74-96de5685a27c"},"type":"InitializeVariable","inputs":{"variables":[{"name":"DisplayName","type":"string","value":"@{triggerBody()['SetDisplayName_Value']}"}]}},"Set_JobTitle":{"runAfter":{"Set_DisplayName":["Succeeded"]},"metadata":{"operationMetadataId":"aea7779a-bfc0-4f45-a5eb-46935c604cf0"},"type":"InitializeVariable","inputs":{"variables":[{"name":"JobTitle","type":"string","value":"@{triggerBody()['SetCompanyName_Value']}"}]}},"Set_Mail":{"runAfter":{"Set_Telephone":["Succeeded"]},"metadata":{"operationMetadataId":"57cc36dc-10ed-4930-94df-fe38dcda4988"},"type":"InitializeVariable","inputs":{"variables":[{"name":"Mail","type":"string","value":"@{triggerBody()['SetMail_Value']}"}]}},"Set_Telephone":{"runAfter":{"Set_JobTitle":["Succeeded"]},"metadata":{"operationMetadataId":"9c023b6b-5eb0-4672-90d6-59d0e0dde063"},"type":"InitializeVariable","inputs":{"variables":[{"name":"Telephone","type":"string","value":"@{triggerBody()['SetTelephone_Value']}"}]}},"Create_user":{"runAfter":{"Set_Mail":["Succeeded"]},"metadata":{"operationMetadataId":"5fb4ea10-7730-451f-9ef2-6b5b97d28f0f"},"type":"OpenApiConnection","inputs":{"host":{"apiId":"/providers/Microsoft.PowerApps/apis/shared_azuread","connectionName":"shared_azuread","operationId":"CreateUser"},"parameters":{"body/accountEnabled":true,"body/displayName":"@variables('DisplayName')","body/mailNickname":"@variables('DisplayName')","body/passwordProfile/password":"SecretoPowerAutomate11!","body/userPrincipalName":"@variables('Mail')","body/jobTitle":"@variables('JobTitle')","body/mobilePhone":"@variables('Telephone')"},"authentication":{"value":"@json(decodeBase64(triggerOutputs().headers['X-MS-APIM-Tokens']))['$ConnectionKey']","type":"Raw"}}},"Respond_to_a_PowerApp_or_flow":{"runAfter":{"Create_user":["Succeeded"]},"metadata":{"operationMetadataId":"737e97e6-2a40-4f7c-8540-1ee99a23779a"},"type":"Response","kind":"PowerApp","inputs":{"statusCode":200,"body":{"result":"true"},"schema":{"type":"object","properties":{"result":{"title":"result","x-ms-dynamically-added":true,"type":"string"}}}}}},"outputs":{}},"connectionReferences":{"shared_azuread":{"connectionName":"shared-azuread-82600a60-3350-46e1-8f3f-decc34200705","source":"Invoker","id":"/providers/Microsoft.PowerApps/apis/shared_azuread","tier":"NotSpecified"}},"flowFailureAlertSubscribed":false,"isManaged":false}}