{"name":"f51226e8-78e2-4a09-9db3-8e31986adeaa","id":"/providers/Microsoft.Flow/flows/f51226e8-78e2-4a09-9db3-8e31986adeaa","type":"Microsoft.Flow/flows","properties":{"apiId":"/providers/Microsoft.PowerApps/apis/shared_logicflows","displayName":"Office365_Governance_DeleteUser","definition":{"metadata":{"workflowEntityId":null,"processAdvisorMetadata":null,"flowChargedByPaygo":null,"flowclientsuspensionreason":"None","flowclientsuspensiontime":null,"flowclientsuspensionreasondetails":null,"creator":{"id":"d0461964-21df-40c3-9f36-899bff1d35e4","type":"User","tenantId":"e9112c5c-e4bb-4ab9-8b4c-3692f43531a7"},"provisioningMethod":"FromDefinition","failureAlertSubscription":true,"clientLastModifiedTime":"2023-06-11T15:46:48.181414Z"},"$schema":"https://schema.management.azure.com/providers/Microsoft.Logic/schemas/2016-06-01/workflowdefinition.json#","contentVersion":"1.0.0.0","parameters":{"$connections":{"defaultValue":{},"type":"Object"},"$authentication":{"defaultValue":{},"type":"SecureObject"}},"triggers":{"manual":{"metadata":{"operationMetadataId":"763da5d7-12e7-4c4a-8a0f-e40974653082"},"type":"Request","kind":"PowerApp","inputs":{"schema":{"type":"object","properties":{"SetUserId_Value":{"type":"string","description":"Enter initial value","x-ms-powerflows-param-ispartial":false}},"required":["SetUserId_Value"]}}}},"actions":{"Set_UserId":{"runAfter":{},"metadata":{"operationMetadataId":"a5f10cbd-a071-411d-8e79-6b685b87f54d"},"type":"InitializeVariable","inputs":{"variables":[{"name":"userId","type":"string","value":"@{triggerBody()['SetUserId_Value']}"}]}},"Respond_to_a_PowerApp_or_flow":{"runAfter":{"Invoke_an_HTTP_request":["Succeeded"]},"metadata":{"operationMetadataId":"d4dc639e-1db2-4b7d-b030-d6d2d1260c4b"},"type":"Response","kind":"PowerApp","inputs":{"statusCode":200,"body":{"result":"true"},"schema":{"type":"object","properties":{"result":{"title":"result","x-ms-dynamically-added":true,"type":"string"}}}}},"Invoke_an_HTTP_request":{"runAfter":{"Set_UserId":["Succeeded"]},"metadata":{"operationMetadataId":"e0de8c5d-be43-4926-baba-c1023eb0fbe2"},"type":"OpenApiConnection","inputs":{"host":{"apiId":"/providers/Microsoft.PowerApps/apis/shared_webcontents","connectionName":"shared_webcontents","operationId":"InvokeHttp"},"parameters":{"request/method":"DELETE","request/url":"https://graph.microsoft.com/v1.0/users/@{variables('userId')}"},"authentication":{"value":"@json(decodeBase64(triggerOutputs().headers['X-MS-APIM-Tokens']))['$ConnectionKey']","type":"Raw"}}}},"outputs":{}},"connectionReferences":{"shared_webcontents":{"connectionName":"69d0fc3ade4a4e01b46bb4a12f2885b7","source":"Invoker","id":"/providers/Microsoft.PowerApps/apis/shared_webcontents","tier":"NotSpecified"}},"flowFailureAlertSubscribed":false,"isManaged":false}}