{"name":"76e8cec3-cc24-40e5-8a38-9ee5cdf6ac2f","id":"/providers/Microsoft.Flow/flows/76e8cec3-cc24-40e5-8a38-9ee5cdf6ac2f","type":"Microsoft.Flow/flows","properties":{"apiId":"/providers/Microsoft.PowerApps/apis/shared_logicflows","displayName":"Office365_Governance_UpdateUser","definition":{"metadata":{"workflowEntityId":null,"processAdvisorMetadata":null,"flowChargedByPaygo":null,"flowclientsuspensionreason":"None","flowclientsuspensiontime":null,"flowclientsuspensionreasondetails":null,"creator":{"id":"d0461964-21df-40c3-9f36-899bff1d35e4","type":"User","tenantId":"e9112c5c-e4bb-4ab9-8b4c-3692f43531a7"},"provisioningMethod":"FromDefinition","failureAlertSubscription":true,"clientLastModifiedTime":"2023-06-11T15:33:37.8610384Z"},"$schema":"https://schema.management.azure.com/providers/Microsoft.Logic/schemas/2016-06-01/workflowdefinition.json#","contentVersion":"1.0.0.0","parameters":{"$connections":{"defaultValue":{},"type":"Object"},"$authentication":{"defaultValue":{},"type":"SecureObject"}},"triggers":{"manual":{"metadata":{"operationMetadataId":"763da5d7-12e7-4c4a-8a0f-e40974653082"},"type":"Request","kind":"PowerApp","inputs":{"schema":{"type":"object","properties":{"SetDisplayName_Value":{"type":"string","description":"Enter initial value","x-ms-powerflows-param-ispartial":false},"SetJobTitle_Value":{"type":"string","description":"Enter initial value","x-ms-powerflows-param-ispartial":false},"SetTelephone_Value":{"type":"string","description":"Enter initial value","x-ms-powerflows-param-ispartial":false},"SetMail_Value":{"type":"string","description":"Enter initial value","x-ms-powerflows-param-ispartial":false}},"required":["SetDisplayName_Value","SetJobTitle_Value","SetTelephone_Value","SetMail_Value"]}}}},"actions":{"Set_DisplayName":{"runAfter":{},"metadata":{"operationMetadataId":"18f8a606-9a14-4b9b-aa74-96de5685a27c"},"type":"InitializeVariable","inputs":{"variables":[{"name":"DisplayName","type":"string","value":"@{triggerBody()['SetDisplayName_Value']}"}]}},"Set_JobTitle":{"runAfter":{"Set_DisplayName":["Succeeded"]},"metadata":{"operationMetadataId":"aea7779a-bfc0-4f45-a5eb-46935c604cf0"},"type":"InitializeVariable","inputs":{"variables":[{"name":"JobTitle","type":"string","value":"@{triggerBody()['SetJobTitle_Value']}"}]}},"Set_Mail":{"runAfter":{"Set_Telephone":["Succeeded"]},"metadata":{"operationMetadataId":"57cc36dc-10ed-4930-94df-fe38dcda4988"},"type":"InitializeVariable","inputs":{"variables":[{"name":"Mail","type":"string","value":"@{triggerBody()['SetMail_Value']}"}]}},"Set_Telephone":{"runAfter":{"Set_JobTitle":["Succeeded"]},"metadata":{"operationMetadataId":"9c023b6b-5eb0-4672-90d6-59d0e0dde063"},"type":"InitializeVariable","inputs":{"variables":[{"name":"Telephone","type":"string","value":"@{triggerBody()['SetTelephone_Value']}"}]}},"Update_user":{"runAfter":{"Set_UserId":["Succeeded"]},"metadata":{"operationMetadataId":"506bd282-3a43-49a7-a7c7-7072d9753cba"},"type":"OpenApiConnection","inputs":{"host":{"apiId":"/providers/Microsoft.PowerApps/apis/shared_azuread","connectionName":"shared_azuread","operationId":"UpdateUser"},"parameters":{"id":"@variables('userId')","body/userPrincipalName":"@variables('Mail')","body/displayName":"@variables('DisplayName')","body/jobTitle":"@variables('JobTitle')","body/businessPhones":["@variables('Telephone')"]},"authentication":{"value":"@json(decodeBase64(triggerOutputs().headers['X-MS-APIM-Tokens']))['$ConnectionKey']","type":"Raw"}}},"Set_UserId":{"runAfter":{"Get_user_profile_(V2)":["Succeeded"]},"metadata":{"operationMetadataId":"a5f10cbd-a071-411d-8e79-6b685b87f54d"},"type":"InitializeVariable","inputs":{"variables":[{"name":"userId","type":"string","value":"@outputs('Get_user_profile_(V2)')?['body/id']"}]}},"Get_user_profile_(V2)":{"runAfter":{"Set_Mail":["Succeeded"]},"metadata":{"operationMetadataId":"d66790ac-bd55-4548-8d2c-010938143d7c"},"type":"OpenApiConnection","inputs":{"host":{"apiId":"/providers/Microsoft.PowerApps/apis/shared_office365users","connectionName":"shared_office365users","operationId":"UserProfile_V2"},"parameters":{"id":"@variables('Mail')"},"authentication":{"value":"@json(decodeBase64(triggerOutputs().headers['X-MS-APIM-Tokens']))['$ConnectionKey']","type":"Raw"}}},"Respond_to_a_PowerApp_or_flow":{"runAfter":{"Update_user":["Succeeded"]},"metadata":{"operationMetadataId":"d4dc639e-1db2-4b7d-b030-d6d2d1260c4b"},"type":"Response","kind":"PowerApp","inputs":{"statusCode":200,"body":{"result":"true"},"schema":{"type":"object","properties":{"result":{"title":"result","x-ms-dynamically-added":true,"type":"string"}}}}}},"outputs":{}},"connectionReferences":{"shared_azuread":{"connectionName":"shared-azuread-82600a60-3350-46e1-8f3f-decc34200705","source":"Invoker","id":"/providers/Microsoft.PowerApps/apis/shared_azuread","tier":"NotSpecified"},"shared_office365users":{"connectionName":"62cbd309805a4ff4bdb1cff5c86d1ec8","source":"Invoker","id":"/providers/Microsoft.PowerApps/apis/shared_office365users","tier":"NotSpecified"}},"flowFailureAlertSubscribed":false,"isManaged":false}}