{"schemaVersion":"1.0","appDefinitionTemplate":{"id":"/providers/Microsoft.PowerApps/apps/","type":"Microsoft.PowerApps/apps","tags":{"primaryDeviceWidth":"1366","primaryDeviceHeight":"768","sienaVersion":"20230624T195513Z-3.23062.17.0","deviceCapabilities":"","supportsPortrait":"false","supportsLandscape":"true","primaryFormFactor":"Tablet","publisherVersion":"3.23062.17","minimumRequiredApiVersion":"2.2.0","hasComponent":"true","hasUnlockedComponent":"true","isUnifiedRootApp":"false"},"properties":{"appVersion":"2023-06-24T19:55:13Z","lifeCycleId":"Published","createdByClientVersion":{"major":3,"minor":23062,"build":17,"revision":0,"majorRevision":0,"minorRevision":0},"minClientVersion":{"major":3,"minor":23062,"build":17,"revision":0,"majorRevision":0,"minorRevision":0},"backgroundColor":"rgba(1, 94, 169, 1)","backgroundImageUri":"/2038287960506982779/Ne63fd2ac-09b5-425d-8169-bfeca55ac89d-logoSmallFile","displayName":"Users_Control_App","description":"An app to submit requests for new teams.","commitMessage":"","appUris":{"documentUri":{"value":"/2038287960506982779/N182b57f6-88b3-401a-b49d-7b0726681e6b-document.msapp"},"imageUris":[],"additionalUris":[]},"createdTime":"0001-01-01T00:00:00Z","lastModifiedTime":"0001-01-01T00:00:00Z","sharedGroupsCount":0,"sharedUsersCount":0,"connectionReferences":{"5bd93f18-bfe6-4d82-b368-49b17e27031f":{"id":"5adaed9a-b4fa-4ddf-865a-dc14c61165eb","displayName":"Microsoft Teams","iconUri":"https://connectoricons-prod.azureedge.net/releases/v1.0.1641/1.0.1641.3326/teams/icon.png","dataSources":["MicrosoftTeams"],"dependencies":[],"dependents":[],"parameterHints":{},"parameterHintsV2":{},"isOnPremiseConnection":false,"bypassConsent":false,"dataSets":{},"apiTier":"Standard","isCustomApiConnection":false,"actions":["GetAllTeams"]},"7ce4d214-7460-4aa9-921b-0a7f8f0051cb":{"id":"852f9df4-93d4-4b8b-8edd-e41e89a0feae","displayName":"Office 365 Outlook","iconUri":"https://connectoricons-prod.azureedge.net/u/laborbol/partial-builds/390724148/1.0.1641.3327/office365/icon.png","dataSources":["Office365Outlook"],"dependencies":[],"dependents":[],"parameterHints":{},"parameterHintsV2":{},"isOnPremiseConnection":false,"bypassConsent":false,"dataSets":{},"apiTier":"Standard","isCustomApiConnection":false},"38e9d61c-be47-4730-962d-7cbc271b3379":{"id":"7a47eab6-be7b-421f-9a78-8ce23c0836b4","displayName":"Usuarios de Office 365","iconUri":"https://connectoricons-prod.azureedge.net/u/laborbol/partial-builds/390724148/1.0.1641.3327/office365users/icon.png","dataSources":["Office365Users"],"dependencies":[],"dependents":["610f5585-f3d8-4d4c-8996-55daddbdb302"],"parameterHints":{},"parameterHintsV2":{},"isOnPremiseConnection":false,"bypassConsent":false,"dataSets":{},"apiTier":"Standard","isCustomApiConnection":false,"actions":["SearchUser"]},"568e2864-437f-416f-92e4-23eb88301edd":{"id":"82941e9d-6225-4590-aeea-dcdf97cd516a","displayName":"SharePoint","iconUri":"https://connectoricons-prod.azureedge.net/u/shgogna/globalperconnector-train1/1.0.1639.3312/sharepointonline/icon.png","dataSources":["OrgTeamsRequests","graph unusedSites provisioning"],"dependencies":[],"dependents":["8b26ed71-951c-4ba7-b74f-602d1598369a"],"parameterHints":{},"parameterHintsV2":{},"isOnPremiseConnection":false,"bypassConsent":false,"dataSets":{"https://t8656.sharepoint.com/sites/Office365_Governance/":{"dataSources":{"OrgTeamsRequests":{"tableName":"bea85382-3701-4458-bdec-6378abfa5260"}}},"https://t8656.sharepoint.com/sites/graph_provisioning":{"dataSources":{"graph unusedSites provisioning":{"tableName":"7c8136af-0e56-47c3-8a8b-1e53983dfb5f"}}}},"apiTier":"Standard","isCustomApiConnection":false,"actions":["providers/PowerPlatform.Governance/Operations/Read"]},"bcfe7166-ccbd-4f0c-ad64-ae2429478b99":{"id":"0eb74a26-9e2f-4192-aa1e-bf863ad69886","displayName":"Grupos de Office 365","iconUri":"https://connectoricons-prod.azureedge.net/u/laborbol/partial-builds/390724148/1.0.1641.3327/office365groups/icon.png","dataSources":["GruposdeOffice365"],"dependencies":[],"dependents":[],"parameterHints":{},"parameterHintsV2":{},"isOnPremiseConnection":false,"bypassConsent":false,"dataSets":{},"apiTier":"Standard","isCustomApiConnection":false,"actions":["ListGroups","ListGroupMembers","RemoveMemberFromGroup","AddMemberToGroup"]},"2c4b2325-e9ad-4962-b3bc-09b070263ad2":{"id":"0a2e9a7f-c4e0-4695-87d3-de67460a6d10","displayName":"Azure AD","iconUri":"https://connectoricons-prod.azureedge.net/releases/v1.0.1626/1.0.1626.3238/azuread/icon.png","dataSources":["AzureAD"],"dependencies":[],"dependents":["610f5585-f3d8-4d4c-8996-55daddbdb302","c4e085d0-c271-4bed-8226-e14c751089bf","c3ce4d16-1de9-4e15-9aa4-e5f8b60061a8"],"parameterHints":{},"parameterHintsV2":{},"isOnPremiseConnection":false,"bypassConsent":false,"dataSets":{},"apiTier":"Standard","isCustomApiConnection":false},"610f5585-f3d8-4d4c-8996-55daddbdb302":{"id":"1b054fff-6a90-4c45-90f9-58e3b402966e","displayName":"Flujos lógicos","iconUri":"https://connectoricons-prod.azureedge.net/releases/v1.0.1636/1.0.1636.3297/logicflows/icon.png","dataSources":["Office365_Governance_UpdateUser"],"dependencies":["2c4b2325-e9ad-4962-b3bc-09b070263ad2","38e9d61c-be47-4730-962d-7cbc271b3379"],"dependents":[],"parameterHints":{"workflowName":{"value":"1f7168eb-8813-472b-be8f-7c750a9e75b4"},"workflowEntityId":{},"2c4b2325-e9ad-4962-b3bc-09b070263ad2":{"value":"shared_azuread"},"38e9d61c-be47-4730-962d-7cbc271b3379":{"value":"shared_office365users"}},"parameterHintsV2":{"workflowName":{"value":"1f7168eb-8813-472b-be8f-7c750a9e75b4"},"workflowEntityId":{},"shared_azuread":{"value":"2c4b2325-e9ad-4962-b3bc-09b070263ad2"},"shared_office365users":{"value":"38e9d61c-be47-4730-962d-7cbc271b3379"}},"isOnPremiseConnection":false,"bypassConsent":false,"dataSets":{},"apiTier":"Standard","isCustomApiConnection":false,"actions":["Run"],"nestedActions":[{"id":"/providers/Microsoft.PowerApps/apis/shared_azuread/apiOperations/UpdateUser","apiName":"Azure AD","actionName":"UpdateUser","referencedResources":[]},{"id":"/providers/Microsoft.PowerApps/apis/shared_office365users/apiOperations/UserProfile_V2","apiName":"Office 365 Users","actionName":"UserProfile_V2","referencedResources":[]}]},"50ce6a3e-1385-47d0-9d57-918c4941a0b6":{"id":"1b054fff-6a90-4c45-90f9-58e3b402966e","displayName":"Flujos lógicos","iconUri":"https://connectoricons-prod.azureedge.net/releases/v1.0.1636/1.0.1636.3297/logicflows/icon.png","dataSources":["Office365_Governance_DeleteUser"],"dependencies":["ca8f4daf-2e50-4f90-b950-1e2aca84c7f1"],"dependents":[],"parameterHints":{"workflowName":{"value":"3fc8f201-06df-488f-b0dd-e615082a6b05"},"workflowEntityId":{},"ca8f4daf-2e50-4f90-b950-1e2aca84c7f1":{"value":"shared_webcontents"}},"parameterHintsV2":{"workflowName":{"value":"3fc8f201-06df-488f-b0dd-e615082a6b05"},"workflowEntityId":{},"shared_webcontents":{"value":"ca8f4daf-2e50-4f90-b950-1e2aca84c7f1"}},"isOnPremiseConnection":false,"bypassConsent":false,"dataSets":{},"apiTier":"Standard","isCustomApiConnection":false,"nestedActions":[{"id":"/providers/Microsoft.PowerApps/apis/shared_webcontents/apiOperations/InvokeHttp","apiName":"HTTP with Azure AD","actionName":"InvokeHttp","referencedResources":[]}]},"ca8f4daf-2e50-4f90-b950-1e2aca84c7f1":{"id":"6831405d-8c2a-4005-8289-0a0b2968bf36","displayName":"HTTP con Azure AD","iconUri":"https://connectoricons-prod.azureedge.net/u/shgogna/globalperconnector-train1/1.0.1639.3312/webcontents/icon.png","dataSources":[],"dependencies":[],"dependents":["50ce6a3e-1385-47d0-9d57-918c4941a0b6"],"parameterHints":{},"parameterHintsV2":{},"isOnPremiseConnection":false,"bypassConsent":false,"dataSets":{},"apiTier":"Premium","isCustomApiConnection":false,"endpoints":["https://graph.microsoft.com"]},"c4e085d0-c271-4bed-8226-e14c751089bf":{"id":"1b054fff-6a90-4c45-90f9-58e3b402966e","displayName":"Flujos lógicos","iconUri":"https://connectoricons-prod.azureedge.net/releases/v1.0.1636/1.0.1636.3297/logicflows/icon.png","dataSources":["Office365_Governance_CreateUser"],"dependencies":["2c4b2325-e9ad-4962-b3bc-09b070263ad2"],"dependents":[],"parameterHints":{"workflowName":{"value":"09781d18-88e0-429d-8136-f8827db37166"},"workflowEntityId":{},"2c4b2325-e9ad-4962-b3bc-09b070263ad2":{"value":"shared_azuread"}},"parameterHintsV2":{"workflowName":{"value":"09781d18-88e0-429d-8136-f8827db37166"},"workflowEntityId":{},"shared_azuread":{"value":"2c4b2325-e9ad-4962-b3bc-09b070263ad2"}},"isOnPremiseConnection":false,"bypassConsent":false,"dataSets":{},"apiTier":"Standard","isCustomApiConnection":false,"actions":["Run"],"nestedActions":[{"id":"/providers/Microsoft.PowerApps/apis/shared_azuread/apiOperations/CreateUser","apiName":"Azure AD","actionName":"CreateUser","referencedResources":[]}]},"c3ce4d16-1de9-4e15-9aa4-e5f8b60061a8":{"id":"1b054fff-6a90-4c45-90f9-58e3b402966e","displayName":"Flujos lógicos","iconUri":"https://connectoricons-prod.azureedge.net/releases/v1.0.1636/1.0.1636.3297/logicflows/icon.png","dataSources":["Office365_Governance_CreateGroup"],"dependencies":["2c4b2325-e9ad-4962-b3bc-09b070263ad2"],"dependents":[],"parameterHints":{"workflowName":{"value":"6d213b5b-6616-43b0-8ec6-76eb17b45d54"},"workflowEntityId":{},"2c4b2325-e9ad-4962-b3bc-09b070263ad2":{"value":"shared_azuread"}},"parameterHintsV2":{"workflowName":{"value":"6d213b5b-6616-43b0-8ec6-76eb17b45d54"},"workflowEntityId":{},"shared_azuread":{"value":"2c4b2325-e9ad-4962-b3bc-09b070263ad2"}},"isOnPremiseConnection":false,"bypassConsent":false,"dataSets":{},"apiTier":"Standard","isCustomApiConnection":false,"actions":["Run"],"nestedActions":[{"id":"/providers/Microsoft.PowerApps/apis/shared_azuread/apiOperations/CreateGroup","apiName":"Azure AD","actionName":"CreateGroup","referencedResources":[]}]},"8b26ed71-951c-4ba7-b74f-602d1598369a":{"id":"1b054fff-6a90-4c45-90f9-58e3b402966e","displayName":"Flujos lógicos","iconUri":"https://connectoricons-prod.azureedge.net/releases/v1.0.1636/1.0.1636.3297/logicflows/icon.png","dataSources":["Office365_UnusedSites"],"dependencies":["568e2864-437f-416f-92e4-23eb88301edd"],"dependents":[],"parameterHints":{"workflowName":{"value":"cd4eb1ae-a42c-473f-a001-8a25079e14ed"},"workflowEntityId":{"value":"ba57fff0-c012-ee11-8f6e-000d3a292a69"},"568e2864-437f-416f-92e4-23eb88301edd":{"value":"shared_sharepointonline"}},"parameterHintsV2":{"workflowName":{"value":"cd4eb1ae-a42c-473f-a001-8a25079e14ed"},"workflowEntityId":{"value":"ba57fff0-c012-ee11-8f6e-000d3a292a69"},"shared_sharepointonline":{"value":"568e2864-437f-416f-92e4-23eb88301edd"}},"isOnPremiseConnection":false,"bypassConsent":false,"dataSets":{},"apiTier":"Standard","isCustomApiConnection":false,"actions":["Run"],"nestedActions":[{"id":"/providers/Microsoft.PowerApps/apis/shared_sharepointonline/apiOperations/PostItem","apiName":"SharePoint","actionName":"PostItem","referencedResources":[{"key":"site","value":"https://t8656.sharepoint.com/sites/graph_provisioning"},{"key":"list","value":"7c8136af-0e56-47c3-8a8b-1e53983dfb5f"}]}]}},"databaseReferences":{},"almMode":"Solution","performanceOptimizationEnabled":true,"canConsumeAppPass":true,"enableModernRuntimeMode":false,"executionRestrictions":{"isTeamsOnly":false,"dataLossPreventionEvaluationResult":{"status":"Compliant","lastEvaluationDate":"2023-06-24T19:55:33.5821041Z","violations":[],"violationsByPolicy":[],"violationErrorMessage":"La aplicación usa los siguientes conectores: shared_teams, shared_office365, shared_office365users, shared_sharepointonline, shared_office365groups, shared_azuread, shared_logicflows, shared_webcontents."},"httpActionRestriction":{"appUsesSharepointHttpAction":false,"enforcementStrategy":"Legacy","evaluationTime":"2023-06-24T19:55:33.5819896Z"}}},"appType":"ClassicCanvasApp","appComponents":[]}}