{"schemaVersion":"1.0","appDefinitionTemplate":{"id":"/providers/Microsoft.PowerApps/apps/","type":"Microsoft.PowerApps/apps","tags":{"primaryDeviceWidth":"1366","primaryDeviceHeight":"768","sienaVersion":"20220903T205106Z-3.22084.15.0","deviceCapabilities":"","supportsPortrait":"false","supportsLandscape":"true","primaryFormFactor":"Tablet","publisherVersion":"3.22084.15","minimumRequiredApiVersion":"2.2.0","hasComponent":"true","hasUnlockedComponent":"true","isUnifiedRootApp":"false"},"properties":{"appVersion":"2022-09-03T20:51:06Z","lifeCycleId":"Published","createdByClientVersion":{"major":3,"minor":22084,"build":15,"revision":0,"majorRevision":0,"minorRevision":0},"minClientVersion":{"major":3,"minor":22084,"build":15,"revision":0,"majorRevision":0,"minorRevision":0},"backgroundColor":"rgba(142, 140, 216, 1)","backgroundImageUri":"/4678869796514864490/N5d7d0cea-e79e-4077-8ded-085f45cb65de-logoSmallFile","displayName":"Office365_Governance_App","description":"An app to submit requests for new teams.","commitMessage":"","appUris":{"documentUri":{"value":"/4678869796514864490/N83f06735-e3f6-4f8f-913b-86d995668813-document.msapp"},"imageUris":[],"additionalUris":[]},"createdTime":"0001-01-01T00:00:00Z","lastModifiedTime":"0001-01-01T00:00:00Z","sharedGroupsCount":0,"sharedUsersCount":0,"icons":{"smallIconUri":"/4678869796514864490/Ne592452f-2c9e-41bb-9b13-db104a6e8b77-small.png","mediumIconUri":"/4678869796514864490/Nd04506ef-a4ac-4af9-8209-1449e315b5fa-medium.png","largeIconUri":"/4678869796514864490/N90098bfa-142d-42c0-8255-18e807b043dc-large.png","wideIconUri":"/4678869796514864490/N413f1111-95a7-4e74-b648-aae07343de8f-wide.png"},"connectionReferences":{"5bd93f18-bfe6-4d82-b368-49b17e27031f":{"id":"5adaed9a-b4fa-4ddf-865a-dc14c61165eb","displayName":"Microsoft Teams","iconUri":"https://connectoricons-prod.azureedge.net/releases/v1.0.1591/1.0.1591.2961/teams/icon.png","dataSources":["MicrosoftTeams"],"dependencies":[],"dependents":[],"parameterHints":{},"parameterHintsV2":{},"isOnPremiseConnection":false,"bypassConsent":false,"dataSets":{},"apiTier":"Standard","isCustomApiConnection":false,"actions":["GetAllTeams"]},"7ce4d214-7460-4aa9-921b-0a7f8f0051cb":{"id":"852f9df4-93d4-4b8b-8edd-e41e89a0feae","displayName":"Office 365 Outlook","iconUri":"https://connectoricons-prod.azureedge.net/releases/v1.0.1595/1.0.1595.2986/office365/icon.png","dataSources":["Office365Outlook"],"dependencies":[],"dependents":[],"parameterHints":{},"parameterHintsV2":{},"isOnPremiseConnection":false,"bypassConsent":false,"dataSets":{},"apiTier":"Standard","isCustomApiConnection":false},"38e9d61c-be47-4730-962d-7cbc271b3379":{"id":"7a47eab6-be7b-421f-9a78-8ce23c0836b4","displayName":"Usuarios de Office 365","iconUri":"https://connectoricons-prod.azureedge.net/releases/v1.0.1593/1.0.1593.2980/office365users/icon.png","dataSources":["Office365Users"],"dependencies":[],"dependents":[],"parameterHints":{},"parameterHintsV2":{},"isOnPremiseConnection":false,"bypassConsent":false,"dataSets":{},"apiTier":"Standard","isCustomApiConnection":false,"actions":["SearchUser"]},"568e2864-437f-416f-92e4-23eb88301edd":{"id":"82941e9d-6225-4590-aeea-dcdf97cd516a","displayName":"SharePoint","iconUri":"https://connectoricons-prod.azureedge.net/releases/v1.0.1591/1.0.1591.2961/sharepointonline/icon.png","dataSources":["OrgTeamsRequests"],"dependencies":[],"dependents":[],"parameterHints":{},"parameterHintsV2":{},"isOnPremiseConnection":false,"bypassConsent":false,"dataSets":{"https://t8656.sharepoint.com/sites/Office365_Governance/":{"dataSources":{"OrgTeamsRequests":{"tableName":"bea85382-3701-4458-bdec-6378abfa5260"}}}},"apiTier":"Standard","isCustomApiConnection":false,"actions":["providers/PowerPlatform.Governance/Operations/Read","providers/PowerPlatform.Governance/Operations/Write"]},"bcfe7166-ccbd-4f0c-ad64-ae2429478b99":{"id":"0eb74a26-9e2f-4192-aa1e-bf863ad69886","displayName":"Grupos de Office 365","iconUri":"https://connectoricons-prod.azureedge.net/releases/v1.0.1588/1.0.1588.2938/office365groups/icon.png","dataSources":["GruposdeOffice365"],"dependencies":[],"dependents":[],"parameterHints":{},"parameterHintsV2":{},"isOnPremiseConnection":false,"bypassConsent":false,"dataSets":{},"apiTier":"Standard","isCustomApiConnection":false,"actions":["ListGroups"]},"29eea537-2a79-4f11-b1ba-f8346dda2d5f":{"id":"1b054fff-6a90-4c45-90f9-58e3b402966e","displayName":"Flujos lógicos","iconUri":"https://connectoricons-prod.azureedge.net/releases/v1.0.1534/1.0.1534.2605/logicflows/icon.png","dataSources":["Office365_Governance_CreateGroup"],"dependencies":["2c4b2325-e9ad-4962-b3bc-09b070263ad2"],"dependents":[],"parameterHints":{"workflowName":{"value":"6d213b5b-6616-43b0-8ec6-76eb17b45d54"},"workflowEntityId":{},"2c4b2325-e9ad-4962-b3bc-09b070263ad2":{"value":"shared_azuread"}},"parameterHintsV2":{"workflowName":{"value":"6d213b5b-6616-43b0-8ec6-76eb17b45d54"},"workflowEntityId":{},"shared_azuread":{"value":"2c4b2325-e9ad-4962-b3bc-09b070263ad2"}},"isOnPremiseConnection":false,"bypassConsent":false,"dataSets":{},"apiTier":"Standard","isCustomApiConnection":false,"actions":["Run"],"nestedActions":[{"id":"/providers/Microsoft.PowerApps/apis/shared_azuread/apiOperations/CreateGroup","apiName":"Azure AD","actionName":"CreateGroup","referencedResources":[]}]},"2c4b2325-e9ad-4962-b3bc-09b070263ad2":{"id":"0a2e9a7f-c4e0-4695-87d3-de67460a6d10","displayName":"Azure AD","iconUri":"https://connectoricons-prod.azureedge.net/releases/v1.0.1551/1.0.1551.2693/azuread/icon.png","dataSources":[],"dependencies":[],"dependents":["29eea537-2a79-4f11-b1ba-f8346dda2d5f","f2b81bba-ddaf-403a-a278-9b6dff404b2b"],"parameterHints":{},"parameterHintsV2":{},"isOnPremiseConnection":false,"bypassConsent":false,"dataSets":{},"apiTier":"Standard","isCustomApiConnection":false},"f2b81bba-ddaf-403a-a278-9b6dff404b2b":{"id":"1b054fff-6a90-4c45-90f9-58e3b402966e","displayName":"Flujos lógicos","iconUri":"https://connectoricons-prod.azureedge.net/releases/v1.0.1534/1.0.1534.2605/logicflows/icon.png","dataSources":["Office365_Governance_CreateUser"],"dependencies":["2c4b2325-e9ad-4962-b3bc-09b070263ad2"],"dependents":[],"parameterHints":{"workflowName":{"value":"09781d18-88e0-429d-8136-f8827db37166"},"workflowEntityId":{},"2c4b2325-e9ad-4962-b3bc-09b070263ad2":{"value":"shared_azuread"}},"parameterHintsV2":{"workflowName":{"value":"09781d18-88e0-429d-8136-f8827db37166"},"workflowEntityId":{},"shared_azuread":{"value":"2c4b2325-e9ad-4962-b3bc-09b070263ad2"}},"isOnPremiseConnection":false,"bypassConsent":false,"dataSets":{},"apiTier":"Standard","isCustomApiConnection":false,"actions":["Run"],"nestedActions":[{"id":"/providers/Microsoft.PowerApps/apis/shared_azuread/apiOperations/CreateUser","apiName":"Azure AD","actionName":"CreateUser","referencedResources":[]}]}},"databaseReferences":{},"almMode":"Environment","performanceOptimizationEnabled":false,"canConsumeAppPass":true,"enableModernRuntimeMode":false,"executionRestrictions":{"isTeamsOnly":false,"dataLossPreventionEvaluationResult":{"status":"Compliant","lastEvaluationDate":"2022-09-03T20:51:25.1187514Z","violations":[],"violationsByPolicy":[],"violationErrorMessage":"La aplicación usa los siguientes conectores: shared_teams, shared_office365, shared_office365users, shared_sharepointonline, shared_office365groups, shared_logicflows, shared_azuread."},"httpActionRestriction":{"appUsesSharepointHttpAction":false,"enforcementStrategy":"Legacy","evaluationTime":"2022-09-03T20:51:25.118679Z"}}},"appType":"ClassicCanvasApp","appComponents":[]}}